,pada,keadaan,aceh,terhadap,abad,dari,adjeng,kemudian,lebih,yang,jawa,walanda,belanda,karena,perlawanannya,indonesia,permulaan,ke,di,ayu,ibrahim,catherine,masa,nusantara,20,sebenarnya,pelopor,maramis,usahanya,dhien,pribumi,melawan,wanita,tarum,raden,tewasnya,seorang,maria,tokoh,sebagai,josephine,disebut,pahlawan,berjuang,menyeret,jauh,mengembangkan,dalam,untuk,cut,lamnga,kebangkitan,gle,nasional,nyak,kartini,tepat,perang,atau,dan,dikenal,adalah,perempuan
0,0.0,0.0,0.0,0.0,0.0,0.0,0.040689344024744806,0.0,0.0,0.0,0.040689344024744806,0.0,0.0,0.0,0.0,0.0,0.0,0.0,0.0,0.040689344024744806,0.0,0.0,0.0,0.040689344024744806,0.0,0.040689344024744806,0.040689344024744806,0.0,0.0,0.0,0.040689344024744806,0.0,0.0,0.0,0.08137868804948961,0.0,0.0,0.0,0.040689344024744806,0.01501722622622831,0.0,0.040689344024744806,0.0,0.0,0.0,0.0,0.0,0.0,0.0,0.0,0.0,0.040689344024744806,0.0,0.0,0.0,0.12206803207423442,0.040689344024744806,0.0,0.01501722622622831,0.040689344024744806,0.01501722622622831,0.0,0.040689344024744806
1,0.011584717374518981,0.0,0.06277784506674913,0.031388922533374566,0.0,0.031388922533374566,0.0,0.031388922533374566,0.0,0.011584717374518981,0.0,0.0,0.06277784506674913,0.0,0.031388922533374566,0.0,0.0,0.0,0.011584717374518981,0.0,0.031388922533374566,0.0,0.031388922533374566,0.0,0.0,0.0,0.0,0.0,0.0,0.06277784506674913,0.0,0.031388922533374566,0.0,0.031388922533374566,0.0,0.031388922533374566,0.0,0.0,0.0,0.0,0.0,0.0,0.0,0.031388922533374566,0.031388922533374566,0.031388922533374566,0.0,0.031388922533374566,0.0,0.06277784506674913,0.031388922533374566,0.0,0.031388922533374566,0.0,0.06277784506674913,0.0,0.0,0.031388922533374566,0.0,0.0,0.0,0.0,0.0
2,0.01351550360360548,0.036620409622270325,0.0,0.0,0.036620409622270325,0.0,0.0,0.0,0.0,0.01351550360360548,0.0,0.036620409622270325,0.0,0.036620409622270325,0.0,0.0,0.036620409622270325,0.036620409622270325,0.01351550360360548,0.0,0.0,0.036620409622270325,0.0,0.0,0.036620409622270325,0.0,0.0,0.07324081924454065,0.036620409622270325,0.0,0.0,0.0,0.036620409622270325,0.0,0.0,0.0,0.0,0.07324081924454065,0.0,0.01351550360360548,0.036620409622270325,0.0,0.0,0.0,0.0,0.0,0.036620409622270325,0.0,0.036620409622270325,0.0,0.0,0.0,0.0,0.0,0.0,0.0,0.0,0.0,0.01351550360360548,0.0,0.01351550360360548,0.0,0.0
