,indonesia,kebangkitan,ayu,perang,raden,josephine,walanda,berjuang,dikenal,pelopor,maria,perempuan,kartini,nusantara,disebut,jawa,terhadap,dhien,perlawanannya,tarum,maramis,pribumi,cut,gle,ibrahim,lebih,usahanya,wanita,melawan,belanda,tokoh,yang,tewasnya,seorang,dan,dari,permulaan,kemudian,ke,adalah,aceh,menyeret,atau,catherine,20,pada,mengembangkan,adjeng,jauh,lamnga,abad,nasional,di,pahlawan,karena,nyak,keadaan,masa,untuk,sebenarnya,dalam,sebagai,tepat
0,0.0,1.0986122886681098,1.0986122886681098,0.0,2.1972245773362196,0.0,0.0,0.0,0.4054651081081644,1.0986122886681098,0.0,1.0986122886681098,3.295836866004329,1.0986122886681098,1.0986122886681098,1.0986122886681098,0.0,0.0,0.0,0.0,0.0,1.0986122886681098,0.0,0.0,0.0,0.0,0.0,0.0,0.0,0.0,1.0986122886681098,0.0,0.0,0.0,1.0986122886681098,0.0,0.0,0.0,0.0,0.0,0.0,0.0,0.4054651081081644,0.0,0.0,0.0,0.0,1.0986122886681098,0.0,0.0,0.0,0.0,0.0,0.0,0.0,0.0,0.0,0.0,0.0,1.0986122886681098,0.0,0.4054651081081644,1.0986122886681098
1,0.0,0.0,0.0,1.0986122886681098,0.0,0.0,0.0,1.0986122886681098,0.0,0.0,0.0,0.0,0.0,0.0,0.0,0.0,1.0986122886681098,2.1972245773362196,1.0986122886681098,1.0986122886681098,0.0,0.0,2.1972245773362196,1.0986122886681098,1.0986122886681098,0.0,0.0,0.0,1.0986122886681098,2.1972245773362196,0.0,0.4054651081081644,1.0986122886681098,0.0,0.0,1.0986122886681098,0.0,1.0986122886681098,0.0,0.0,2.1972245773362196,1.0986122886681098,0.0,0.0,0.0,0.4054651081081644,0.0,0.0,1.0986122886681098,1.0986122886681098,0.0,0.0,0.4054651081081644,0.0,0.0,2.1972245773362196,0.0,1.0986122886681098,0.0,0.0,1.0986122886681098,0.0,0.0
2,0.0,0.0,0.0,0.0,0.0,1.0986122886681098,1.0986122886681098,0.0,0.4054651081081644,0.0,2.1972245773362196,0.0,0.0,0.0,0.0,0.0,0.0,0.0,0.0,0.0,2.1972245773362196,0.0,0.0,0.0,0.0,0.0,1.0986122886681098,1.0986122886681098,0.0,0.0,0.0,0.4054651081081644,0.0,0.0,0.0,0.0,1.0986122886681098,0.0,1.0986122886681098,0.0,0.0,0.0,0.4054651081081644,1.0986122886681098,1.0986122886681098,0.4054651081081644,1.0986122886681098,0.0,0.0,0.0,1.0986122886681098,0.0,0.4054651081081644,0.0,1.0986122886681098,0.0,1.0986122886681098,0.0,1.0986122886681098,0.0,0.0,0.4054651081081644,0.0
